{"acc": 0.9370511174201965, "loss": 0.2009663552543157, "_timestamp": 1616631564, "_step": 4, "graph": {"path": "media/graph/graph_summary_bf1d4e8d.graph.json", "_type": "graph-file", "sha256": "bf1d4e8db8213259aab94270d7cac62a80110882ea77604ce918593899bc3843", "size": 1713}, "epoch": 4, "val_acc": 0.8961148858070374, "best_val_loss": 0.2932796698264979, "_runtime": 4423, "best_epoch": 3, "val_loss": 0.36270917650010137}