{"acc": 0.9788391590118408, "loss": 0.05886229356478319, "_timestamp": 1616704690, "_step": 34, "graph": {"path": "media/graph/graph_summary_ffa06962.graph.json", "_type": "graph-file", "sha256": "ffa069623610f10ac0c9b36749ac95b0c774cf5b14f6e1c8a75f2c3241876a8b", "size": 1756}, "epoch": 4, "val_acc": 0.9541062712669373, "best_val_loss": 0.16318449910712127, "_runtime": 1008, "best_epoch": 3, "val_loss": 0.1999611282442215}