{"acc": 0.9803456664085388, "loss": 0.05000480341919774, "_timestamp": 1616710192, "_step": 34, "graph": {"path": "media/graph/graph_summary_b822942b.graph.json", "_type": "graph-file", "sha256": "b822942b4e0862e08c4d4faba87c40a6184fea9f7ba8076a5695a1b8bf918e3e", "size": 1710}, "epoch": 9, "val_acc": 0.9688346982002258, "best_val_loss": 0.1723083558474695, "_runtime": 4346, "best_epoch": 7, "val_loss": 0.1821371967422203}