{"acc": 0.9621884226799011, "loss": 0.10282735566930852, "_timestamp": 1616635726, "_step": 14, "graph": {"path": "media/graph/graph_summary_f0af983f.graph.json", "_type": "graph-file", "sha256": "f0af983f54ad43597e5ba2ff99441db58c9fe1a4a1fb507726f47e3a834b7520", "size": 1707}, "epoch": 4, "val_acc": 0.9539695978164673, "best_val_loss": 0.13513424485997372, "_runtime": 2156, "best_epoch": 4, "val_loss": 0.13513424485997372}