{"acc": 0.9762691259384155, "loss": 0.064270112069576, "_timestamp": 1616712814, "_step": 19, "graph": {"path": "media/graph/graph_summary_c0a28f6e.graph.json", "_type": "graph-file", "sha256": "c0a28f6e7a97fbfdad29da5b2e954936e4899b2db33c59486804e33c891d8040", "size": 1756}, "epoch": 19, "val_acc": 0.9543817639350891, "best_val_loss": 0.17960647227955895, "_runtime": 1389, "best_epoch": 19, "val_loss": 0.17960647227955895}